{"cameraMode":{"drawMode":0,"name":"Shaded","section":"Shading Mode"},"sceneLighting":false,"audioPlay":false,"sceneViewState":{"showFog":false,"showMaterialUpdate":false,"showSkybox":false,"showFlares":true,"showImageEffects":true,"showParticleSystems":true},"in2DMode":false,"pivot":{"x":434.45550537109377,"y":-4562.419921875,"z":-479.0491943359375},"rotation":{"x":-0.010332136414945126,"y":0.7248249650001526,"z":0.010873385705053807,"w":0.6887708306312561},"size":18503.052734375,"orthographic":true}