{"cameraMode":{"drawMode":0,"name":"Shaded","section":"Shading Mode"},"sceneLighting":false,"audioPlay":false,"sceneViewState":{"showFog":true,"showMaterialUpdate":false,"showSkybox":true,"showFlares":true,"showImageEffects":true,"showParticleSystems":true},"in2DMode":false,"pivot":{"x":874.3989868164063,"y":-294.7235107421875,"z":-950.3770751953125},"rotation":{"x":0.5391155481338501,"y":0.005053325090557337,"z":-0.003234733594581485,"w":0.8422105312347412},"size":1532.356201171875,"orthographic":false}