{"cameraMode":{"drawMode":0,"name":"Shaded","section":"Shading Mode"},"sceneLighting":true,"audioPlay":false,"sceneViewState":{"showFog":true,"showMaterialUpdate":false,"showSkybox":true,"showFlares":true,"showImageEffects":true,"showParticleSystems":true},"in2DMode":false,"pivot":{"x":0.8183505535125732,"y":6.220451354980469,"z":-3.2469663619995119},"rotation":{"x":0.000627333705779165,"y":-0.7170096635818481,"z":0.0006416876567527652,"w":0.6970675587654114},"size":17.338388442993165,"orthographic":true}