{"cameraMode":{"drawMode":0,"name":"Shaded","section":"Shading Mode"},"sceneLighting":false,"audioPlay":false,"sceneViewState":{"showFog":false,"showMaterialUpdate":false,"showSkybox":true,"showFlares":true,"showImageEffects":true,"showParticleSystems":true},"in2DMode":false,"pivot":{"x":-732.998779296875,"y":-366.949462890625,"z":799.8118896484375},"rotation":{"x":0.3298299312591553,"y":-0.2525089681148529,"z":0.09203007072210312,"w":0.9049775004386902},"size":1298.9788818359375,"orthographic":false}