{"cameraMode":{"drawMode":0,"name":"Shaded","section":"Shading Mode"},"sceneLighting":false,"audioPlay":false,"sceneViewState":{"showFog":true,"showMaterialUpdate":false,"showSkybox":false,"showFlares":true,"showImageEffects":true,"showParticleSystems":true},"in2DMode":false,"pivot":{"x":434.45550537109377,"y":-4562.419921875,"z":-479.0491943359375},"rotation":{"x":0.11066744476556778,"y":0.8382543921470642,"z":-0.18525050580501557,"w":0.5007668733596802},"size":18503.052734375,"orthographic":false}